{
  "hu": {
    "a": 0.07034657000000001,
    "b": 0.01535122,
    "c": 0.005111798000000001,
    "d": 0.015192959999999998,
    "e": 0.09179079999999999,
    "f": 0.004336324000000001,
    "g": 0.029990270000000003,
    "h": 0.009970380000000001,
    "i": 0.03363025,
    "j": 0.011711240000000001,
    "k": 0.03837805,
    "l": 0.053096229999999994,
    "m": 0.03022766,
    "n": 0.05396666,
    "o": 0.028882449999999997,
    "p": 0.0037982399999999996,
    "q": 0,
    "r": 0.02096945,
    "s": 0.055311870000000006,
    "t": 0.055074479999999995,
    "u": 0.003101896,
    "v": 0.018279029999999998,
    "w": 0,
    "x": 0,
    "y": 0.020257280000000003,
    "z": 0.0340259,
    ".": 0.0653,
    ",": 0.0616,
    "\"": 0.0267,
    "'": 0.0243,
    "-": 0.0153,
    "?": 0.0056,
    ":": 0.0034,
    "!": 0.0033,
    ";": 0.0032
  },
  "cz": {
    "a": 0.066635373,
    "b": 0.006504486,
    "c": 0.005855620000000001,
    "d": 0.027497675000000003,
    "e": 0.05983810600000001,
    "f": 0.000664692,
    "g": 0.0007279960000000001,
    "h": 0.010730028,
    "i": 0.048055649000000006,
    "j": 0.011339329,
    "k": 0.022900222,
    "l": 0.030085226,
    "m": 0.019355198,
    "n": 0.051181284,
    "o": 0.052977535000000006,
    "p": 0.015082178,
    "q": 0.000007913,
    "r": 0.037974487,
    "s": 0.041242556,
    "t": 0.045317751,
    "u": 0.017092080000000003,
    "v": 0.042287072,
    "w": 0.000126608,
    "x": 0.000213651,
    "y": 0.008253259,
    "z": 0.012652887,
    ".": 0.0653,
    ",": 0.0616,
    "\"": 0.0267,
    "'": 0.0243,
    "-": 0.0153,
    "?": 0.0056,
    ":": 0.0034,
    "!": 0.0033,
    ";": 0.0032
  },
  "fi": {
    "a": 0.096673121,
    "b": 0.0022235530000000005,
    "c": 0.0022235530000000005,
    "d": 0.008253259,
    "e": 0.063050784,
    "f": 0.001535122,
    "g": 0.003101896,
    "h": 0.014646962999999999,
    "i": 0.085594921,
    "j": 0.016158345999999997,
    "k": 0.039351349,
    "l": 0.045586793,
    "m": 0.025337426,
    "n": 0.06984013800000001,
    "o": 0.044423581999999996,
    "p": 0.014575746000000002,
    "q": 0.000102869,
    "r": 0.022726136,
    "s": 0.06221200599999999,
    "t": 0.06923875,
    "u": 0.039628304,
    "v": 0.01780425,
    "w": 0.000743822,
    "x": 0.000245303,
    "y": 0.013808185,
    "z": 0.00040356299999999996,
    ".": 0.0653,
    ",": 0.0616,
    "\"": 0.0267,
    "'": 0.0243,
    "-": 0.0153,
    "?": 0.0056,
    ":": 0.0034,
    "!": 0.0033,
    ";": 0.0032
  },
  "ic": {
    "a": 0.08000043,
    "b": 0.008253259,
    "c": 0,
    "d": 0.012462975,
    "e": 0.050785634,
    "f": 0.023841869,
    "g": 0.033559032999999995,
    "h": 0.014805223000000001,
    "i": 0.059964714,
    "j": 0.009052471999999999,
    "k": 0.026223682,
    "l": 0.035861716,
    "m": 0.031976433,
    "n": 0.061017142999999996,
    "o": 0.017139558,
    "p": 0.006243357000000001,
    "q": 0,
    "r": 0.067901453,
    "s": 0.044550189999999996,
    "t": 0.039193089,
    "u": 0.036099106,
    "v": 0.019283981,
    "w": 0,
    "x": 0.00036399800000000003,
    "y": 0.007121700000000001,
    "z": 0,
    ".": 0.0653,
    ",": 0.0616,
    "\"": 0.0267,
    "'": 0.0243,
    "-": 0.0153,
    "?": 0.0056,
    ":": 0.0034,
    "!": 0.0033,
    ";": 0.0032
  },
  "da": {
    "a": 0.047675825000000005,
    "b": 0.015826,
    "c": 0.004470844999999999,
    "d": 0.04635435399999999,
    "e": 0.12227958900000001,
    "f": 0.019038678,
    "g": 0.032261301,
    "h": 0.012826972999999998,
    "i": 0.047478,
    "j": 0.0057764900000000004,
    "k": 0.026864635,
    "l": 0.041377077000000005,
    "m": 0.025614381000000002,
    "n": 0.05729012000000001,
    "o": 0.036684668,
    "p": 0.013895227999999999,
    "q": 0.000055391000000000005,
    "r": 0.070868828,
    "s": 0.045934965,
    "t": 0.054299006000000004,
    "u": 0.015659827,
    "v": 0.018453116,
    "w": 0.0005459970000000001,
    "x": 0.00022156400000000002,
    "y": 0.005523273999999999,
    "z": 0.00026904200000000004,
    ".": 0.0653,
    ",": 0.0616,
    "\"": 0.0267,
    "'": 0.0243,
    "-": 0.0153,
    "?": 0.0056,
    ":": 0.0034,
    "!": 0.0033,
    ";": 0.0032
  },
  "du": {
    "a": 0.05926837000000001,
    "b": 0.012502540000000001,
    "c": 0.00981212,
    "d": 0.04692409,
    "e": 0.14963483,
    "f": 0.006409530000000001,
    "g": 0.026904200000000003,
    "h": 0.01883294,
    "i": 0.0514345,
    "j": 0.011552980000000001,
    "k": 0.01780425,
    "l": 0.028249409999999996,
    "m": 0.01748773,
    "n": 0.07936739,
    "o": 0.04795277999999999,
    "p": 0.012423410000000001,
    "q": 0.00007121699999999999,
    "r": 0.05072233,
    "s": 0.02951549,
    "t": 0.05372927,
    "u": 0.01574687,
    "v": 0.02255205,
    "w": 0.01202776,
    "x": 0.00028486799999999997,
    "y": 0.00027695500000000006,
    "z": 0.01099907,
    ".": 0.0653,
    ",": 0.0616,
    "\"": 0.0267,
    "'": 0.0243,
    "-": 0.0153,
    "?": 0.0056,
    ":": 0.0034,
    "!": 0.0033,
    ";": 0.0032
  },
  "po": {
    "a": 0.070940045,
    "b": 0.011727066,
    "c": 0.031557044,
    "d": 0.026057509,
    "e": 0.062678873,
    "f": 0.002468856,
    "g": 0.010896201,
    "h": 0.008482736000000001,
    "i": 0.065567118,
    "j": 0.018540159,
    "k": 0.026991243,
    "l": 0.016902168000000002,
    "m": 0.023034743,
    "n": 0.04431279999999999,
    "o": 0.060059669999999996,
    "p": 0.024538213,
    "q": 0.000023739,
    "r": 0.036170323,
    "s": 0.033733119,
    "t": 0.031382958,
    "u": 0.018571811,
    "v": 0.00026904200000000004,
    "w": 0.035996237,
    "x": 0.00015034699999999998,
    "y": 0.030520441,
    "z": 0.04447106,
    ".": 0.0653,
    ",": 0.0616,
    "\"": 0.0267,
    "'": 0.0243,
    "-": 0.0153,
    "?": 0.0056,
    ":": 0.0034,
    "!": 0.0033,
    ";": 0.0032
  },
  "sw": {
    "a": 0.074247679,
    "b": 0.012146454999999999,
    "c": 0.011758718,
    "d": 0.037206926,
    "e": 0.080309037,
    "f": 0.016039651,
    "g": 0.022647006,
    "h": 0.016538169999999998,
    "i": 0.046029921,
    "j": 0.004858581999999999,
    "k": 0.024846820000000002,
    "l": 0.041741075,
    "m": 0.027466023,
    "n": 0.067592846,
    "o": 0.035466066,
    "p": 0.014552007,
    "q": 0.00015826000000000002,
    "r": 0.066714503,
    "s": 0.05214667,
    "t": 0.060858882999999996,
    "u": 0.015185046999999998,
    "v": 0.019109895000000002,
    "w": 0.0011236459999999998,
    "x": 0.0012581670000000001,
    "y": 0.005602403999999999,
    "z": 0.0005539100000000001,
    ".": 0.0653,
    ",": 0.0616,
    "\"": 0.0267,
    "'": 0.0243,
    "-": 0.0153,
    "?": 0.0056,
    ":": 0.0034,
    "!": 0.0033,
    ";": 0.0032
  },
  "tu": {
    "a": 0.09432296,
    "b": 0.022504572,
    "c": 0.007620219,
    "d": 0.037238578,
    "e": 0.070520656,
    "f": 0.003647893,
    "g": 0.009914988999999999,
    "h": 0.009590555999999998,
    "i": null,
    "j": 0.00026904200000000004,
    "k": 0.037056579,
    "l": 0.046860785999999995,
    "m": 0.029689576,
    "n": 0.059244631000000006,
    "o": 0.019592588,
    "p": 0.007010918,
    "q": 0,
    "r": 0.053191186,
    "s": 0.023849781999999996,
    "t": 0.026223682,
    "u": 0.025598555,
    "v": 0.007588567,
    "w": 0,
    "x": 0,
    "y": 0.026397768000000002,
    "z": 0.0118695,
    ".": 0.0653,
    ",": 0.0616,
    "\"": 0.0267,
    "'": 0.0243,
    "-": 0.0153,
    "?": 0.0056,
    ":": 0.0034,
    "!": 0.0033,
    ";": 0.0032
  },
  "it": {
    "a": 0.09293818499999999,
    "b": 0.007335351,
    "c": 0.035616413,
    "d": 0.029562968000000002,
    "e": 0.093310096,
    "f": 0.009123689,
    "g": 0.013008972,
    "h": 0.0010761680000000002,
    "i": 0.08026155900000001,
    "j": 0.00008704299999999999,
    "k": 0.00007121699999999999,
    "l": 0.05151362999999999,
    "m": 0.019877456,
    "n": 0.054465179,
    "o": 0.077800616,
    "p": 0.024182128,
    "q": 0.003996065,
    "r": 0.050382071,
    "s": 0.039414653,
    "t": 0.044494799,
    "u": 0.022259269,
    "v": 0.016593561,
    "w": 0.00026112899999999997,
    "x": 0.000063304,